ID,Nama,Harga,Deskripsi,Penjual,Lokasi,Rating,Rating 5,Rating 4,Rating 3,Rating 2,Rating 1,Terjual
339575556,Korset Melahirkan Pants Infrared 3in1 Korset Pelangsing Pengecil Perut Buncit Pakaian Dalam Wanita,55000,"Color : * Black * Cream  Material : * 15% Far Infra Red * 70% Nylon * 15% Spandex  Size : FREE SIZE *Bisa untuk size M - XXL *Max BB 90kg  Emits Far Infrared Rays dan ion negatif; Memfasilitasi metabolisme; Memfasilitasi Pembakaran Kalori / Lemak; Meningkatkan sirkulasi darah; Mengurangi pengelompokan air; Merangsang proses penyembuhan alami tubuh.  Korset 3in1 pelangsing inframerah jauh yang mulus dapat meningkatkan sirkulasi darah, mengaktifkan sel, dan mempercepat metabolisme; Membakar kelebihan lemak, mengkonsumsi kalori ekstra, dan membentuk kurva yang menarik; Mengatur saraf otonom, dan menghilangkan kelelahan dengan cepat; Bodysuit ramping ini terbuat dari nilon dan spandex yang lembut; Desain mulus menyediakan segala penampilan yang mulus; Tidak ada kait & mata dan tidak ada tulang tambahan; Pastikan Anda memakai lebih nyaman; Kain bernapas membuat Anda seharian dingin dan kering; Kontrol body slim slim body suit memberi Anda efek pelangsing instan; Sinar turmalin sinar inframerah jauh lebih banyak untuk melangsingkan tubuh lebih sehat; Cetakan dan bentuk garis pinggang dan punggung agar terlihat mulus; Baskom depan yang terbuka dan dukungan punggung yang tinggi membantu membentuk postur tubuh yang baik; Mudah dipasang dan dilepas Korset body body ramping yang sempurna untuk dipakai dengan busana busana apapun",hotshaper,KOTA TANGERANG,4.6,7,2,1,0,0,22
842867812,Kaos Distro bahan combed 24s pria wanita anak Panda Sekolah ori by RAINBOW PANDA,99000,"ALLERT..!! PREMIUM PRODUCT ONLY 100%    HALO KAK.. KITA DARI BRAND ""RAINBOW PANDA"" HADIR DENGAN DESAIN YANG UNIK DAN LUCU.. SEMUA DESAIN ASLI PRODUKSI KITA SENDIRI YA.. OTOMATIS SELALU TAMBIL  BEDA DARI YANG LAINNYA DIPASARAN.. KUALITAS TERJAMIN 100%. BE SMART BUYER, JANGAN TERKECOH DENGAN KAOS SABLON MURAH DIPASARAN.. ADA HARGA SELALU ADA RUPA YA KAK.. HEHEHE   KITA HADIR DALAM 6 VARIAN WARNA 1. JET BLACK  2. KUNING KENARI 3. BABY YELLOW 4. SOFT PINK 5. KUNING EMAS ( MIRIP ORANGE TAPI LEBIH SOFT ) 6.LILAC NOTED : UNTUK PEMBELIAN SILAHKAN CANTUMKAN PILIHAN WARNA DI KOLOM DISKRIPSI YA KAK.    SIZE CHART S 45 CM LEBAR X 65 CM PANJANG  M 48 CM LEBAR X 68 CM PANJANG L  51 CM LEBAR X 71 CM PANJANG XL 54 CM LEBAR X 74 CM PANJANG  SPEIFIKASI PRODUK KITA :  - BAHAN 100% COTTON COMBED 24S PREMIUM. LANGSUNG DISUPLAI DARI PABRIK TEXTILE TERNAMA DI JAWA BARAT DAN PROSES JAHIT DIKERJAKAN OLEH AHLI KONVEKSI KITA SENDIRI - SABLON KUALITAS DTF ( DIRECT TRANSFER FILM ) ANTI KISUT DAN PECAH PECAH KETIKA DICUCI  - ORIGINAL PRODUK BY RAINBOW PANDA - PRODUK LANGSUNG READY STOCK SEMUA TANPA BUYER MENUNGGU PROSES PENYABLONAN YANG MEMAKAN WAKTU - SEMUA FOTO REAL PICTURE BAHKAN ASLINYA LEBH BAGUS SECARA KECERAHAN WARNA PRODUK KARENA DESAIN PRODUK FULL GRADASI COLOUR KUALITAS DTF.  CARA PERAWATAN SABLON DTF BIAR AWET JANGKA TAHUNAN 1. SEBISA MUNGKIN KETIKA MENYETRIKA BAGIAN SABLON POSISI KAOS DIBALIK 2. MENJEMUR PAKAIAN POSISI KAOS DIBALIK  RESELLER / DROPSHIPPER WELCOME.  JANGAN LUPA SUPPORT JUGA YA KAK DI INSTAGRAM KITA  : RAINBOWPANDA.ID   HAPPY SHOPPING ",rainbowpandaclothing,"KOTA SEMARANG - SEMARANG UTARA, JAWA TENGAH, ID",0.0,0,0,0,0,0,1
47241027,Seragam Paskibraka Paskibra Lengkap,296100,"â– Bahan Luar: Exclusive Gabardine. Bahan yang biasanya digunakan untuk seragam paskibra nasional di kalangan pemerintahan Indonesia. Alasan mengapa dipilih bahan ini? â–ªï¸Bahan ini merupakan bahan campuran katun dan poliyester yang memiliki serat khas jas. â–ªï¸Dibandingkan dengan bahan driil lainnya (american driil/japan driil/ nagata driil), bahan ini  memiliki warna putih bersih yang awet dan tidak cepat pudar ketika disimpan bertahun-tahun, jadi cocok untuk yang mau buat inventarisir. â–ªï¸ Bahan tidak mudah kusut  â– Bahan dalam (Lapisan dalam/furing) : katun full sehingga adem dan nyaman dipakai.  â– produk berisi:  1. setelan:  atasan dan bawahan celana/span pendek (pilih salah satu), â–ªï¸model atasan berupa potongan jas asli dengan  Lapisan dalam (furing) menggunakan kain katun full sehingga adem dipakai dan dilengkapi dengan busa pundak dibagian bahu. Kancing jeblok. Jahitan halus dan rapi. 2. Badge logo paskibra 3. Syal leher merah putih dalam bentuk kain 4. Sabuk putih bagi putra 5. evolet pundak 6. pin merah putih 7. pin garuda 8. peci   â– size s/m/l/xl size chart  â–ªï¸S = LD 94cm PB 71cn PL 53cm celana 29  â–ªï¸M = LD 98cm PB 73cm PL 55cm celana 30  â–ªï¸L = LD 104cm PB 75cm PL 57cm Celana 30  â–ªï¸Xl = LD 110cm PB 75cm PL 59cm Celana 32   Note: CECKOUT & PEMBAYARAN SEBELUM JAM 16.00 WIB DIKIRIM PADA HARI YANG SAMA, LEBIH DARI JAM 16.00 WIB IKUT PENGIRIMAN PADA HARI BERIKUTNYA ya,, Happy ShoppingğŸ™‚  #seragampaskibra  #seragampaskibraka  #seragamhutRI  #seragamupacara  #seragampaski #bajupaskibra #bajupaskibraka #paskibraka #paskibra #jaspaskibra #setelanpaskibra #setelanpaskibrakalengkap",galerisantrikudus,KAB. KUDUS,4.9,189,12,2,0,1,1400
848135372,KAOS WANITA/BAJU CEWEK OVERSIZE KINDNESS MATTERS KAOS BAJU CEWEK KEKINIAN MURAH ATASAN WANITA KATUN (COD),45000,"Hallo, Selamat datang di FRANCCES !  Kaos katun premium Ready S - XXL Unisex (Pria&Wanita)  Deskripsi Produk :  Material : Katun Combed Premium  Size : S | M | L | XL | XXL  Detail Size Chart : (lingkar dada X panjang)  S : 66 CM X 47 CM  M : 70 CM X 49 CM  L : 72 CM X 52 CM  XL : 75 CM X 55 CM  XXL : 77 CM X 58 CM  *Toleransi 1-2cm* MODEL MENGGUNAKAN SIZE S TINGGI BADAN 153CM BERAT BADAN 48KG    DIJAMIN KULITAS BARANG TERBAIK  Kami menggunakan bahan premium dan berkualitas untuk produk â€“ produk kami.Sehingga kaos kami bebahan halus dan sangat nyaman saat dipakai , adem, menyerap keringat dan tidak menerawang. Kaos kami cocok digunakan untuk sehari hari , bepergian , bekerja , kuliah , maupun berolahraga.     Kami Menerina COD / Non-COD dan Gratis ongkir  Kami juga Menerima :  Pembuatan Custom Kaos kelas/universitas/perusahaan/partai lusinan maupun ribuan pcs     Chat Admin dan Dapatkan Harga Special  ---  Happy Shopping !",francess.id,KOTA JAKARTA BARAT,5.0,21,0,0,0,0,25
34613193,PREMIUM Baju renang muslim syar'i dewasa/ pakaian renang perempuan muslimah terlaris/swimsuit wanita,186000,"Size    M.    ; Untuk berat badan 40- 48 kg L      ; untuk berat badan 49-57 kg XL    ; untuk berat badan 58-66 kg XXL ; untuk berat badan 67-75 kg  Berlaku untuk TB ideal, bila ragu Konsul ke admin dengan sebutkan BB dan TB kamu, nanti akan disarankan kamu pakai ukuran apa  ğŸ‘šğŸ‘–Baju MODEL SYAR'I   "" Pakaian renang yg terdiri dari jilbab +bolero+ baju dan celana panjang yg terpisah ""  -Bahan Nylon Spandex Lycra -Elastis / Flexible -Jahitan Kuat dan Rapi -Good produk dan Good Quality -Bahan Adem dan Ringan  Petunjuk Perawatan : 01. segera bilas dengan air bersih setelah digunakan 02. cuci dengan tangan(kucek saja) boleh menggunakan deterjen cair/bubuk 03.jangan cuci dengan mesin cuci/direndam 04.jemur ditempat teduh 05.jangan disetrika  FOTO REAL PICT /ASLI BARANG SENDIRI YANG DILAKUKAN PEMOTRETAN PAKAI MODEL, WARNA SESUAI DENGAN FOTO 98% (EFEK CAHAYA KAMERA)  MEMBELI = SETUJU  Note : Mohon untuk menanyakan ketersediaan stock terlebih dahulu,,   Happy Shopping  #bajurenanganak #bajurenangmurah #bajurenangmuslim #bajurenangmuslimah #bajurenangmuslimahsyari #bajurenangmuslimahmurah #bajurenangmuslimahdewasa",ftswim,KOTA DEPOK,4.8,69,9,2,0,0,191
153778078,Gamis Dress Busui Katun Rayon Motif Original by Moela [Mone Balmi Marin Zelia Ofcia Blisa Mily Luasi Biloa Mirvi Nalin Rolis Rosci Hinsy Vicia Lavia Beira Sirca Minse Racia Miva],130000,"-Mohon menanyakan stock barang terlebih dahulu, tanpa keterangan kita kirim random.  -Detail lengkap produk sudah ada di gambar. -Bahan, model, size sesuai keterangan pada foto/gambar. -Barang cepat habis, kalo cocok silahkan tanya Admin dan lakukan pembayaran.  -Silahkan chat juga kalo ada request model, nanti kita carikan.  -Semua produk disini real picture ya!    -Kami mengutamakan pelayanan dan kualitas terbaik! -Jual barang ori langsung dr toko nya, semua barang produk dari Solo dan pengiriman dari Solo, dijamin harga termurah! -Fast respon, terpercaya, dan aman.   Keuntungan berbelanja di Rab Hijab : 1. Amanah, ramah, dan fast respon (Buktikan sendiri) 2. Produk original dan berkualitas (Bisa dibandingkan) 3. Suplier pertama fashion dan hijab 4. Pengiriman cepat dan tepat 5. Sebelum packaging selalu kami cek 6. Beli banyak dapat diskon 7. Silahkan cek produk lain di toko kami  TERIMA KASIH HAPPY SHOPPING",rab_hijab,KOTA SURAKARTA (SOLO),4.8,1RB,148,28,8,6,3100
39111161,Grosir Solo Gamis Midi Dress Linen Tali Pinggang Hazzel,92900,"ğŸ›’ KODE PRODUK : HAZZEL MIDI  âœ‚ DETAIL PRODUK ğŸ”¸Bahan Linen ğŸ”¸Pergelangan tangan kerut ğŸ”¸Full kancing depan ğŸ”¸Variasi tali kanan kiri  âœ‚ SIZE ğŸ”¸Lingkar dada 108cm ğŸ”¸Panjang baju 130cm ğŸ”¸Panjang lengan 53cm ğŸ”¸lebar ketiak 42cm  ==========================================================================  ğŸ›’ KODE PRODUK : Meira Dress  âœ‚ DETAIL PRODUK ğŸ”¸Bahan Polo Linen ğŸ”¸Pergelangan tangan karet ğŸ”¸Busui Resleting depan ğŸ”¸Variasi tali kanan kiri ğŸ”¸Saku bagian kanan  âœ‚ SIZE ğŸ”¸Lingkar dada 110cm ğŸ”¸Panjang baju 135cm ğŸ”¸Panjang lengan 53cm ğŸ”¸lebar ketiak 42cm  Silahkan check out sesuai variasi produk / warna yg / Size yang diminat Kami akan kirim sesuai variasi yang kakak check out   ğŸ”¸Silahkan cantumkan warna cadangan di catatan pesanan , agar kami bisa segera kirim dengan tepat waktu ğŸ”¸Apabila barang yg diminat habis , kami akan chat terlebih dahulu ğŸ”¸Apabila 1*24 jam chat tdk dibalas terpaksa kami kirim random *kami harap kakak bs memberi warna cadangan di catatan pengiriman ğŸ”¸Apabila ada kesalahan pengiriman : barang riject , salah barang dll silahkan  chat kami atau hub no di paket. Jangan langsung review buruk ya kak , agar kami bisa menyelesaikan masalah  #midilinen #hazzelmidi",grosirsolo.storee,KAB. KARANGANYAR,4.7,387,86,22,8,1,1500
259918782,Alinka dress cringkle airflow gamis wanita,90000,alinka gamis  DETAIL UKURAN M : ld 100cm panjang 128cm  L : ld 105cm panjang 129cm  XL : ld 110cm panjang 130cm,mylubist.store,KAB. CIREBON,4.8,236,35,12,1,2,868
45229875,Hijabwanitacantik - Saqi Dress SQ26.2 Grey | Dress Printing Exclusive | Gamis Pakaian Muslim,325000,Saqi Dress untuk outfit lebaranmu! sudah ready siap kirim yaağŸ˜ğŸ˜,hijabwanitacantik.official,KOTA TANGERANG SELATAN,4.6,19,4,1,1,0,62
358383278,Gamis Terbaru Lebaran 2023 Dress Crinkle Premium Gisella Polos Simple Elegan Mewah,89900,"Gamis Terbaru Lebaran 2023 Dress Crinkle Premium Gisella Polos Simple Elegan Mewah KARENA BANYAKNYA PERMINTAAN, KAMI SARANKAN UNTUK MEMBERIKAN 2 OPSI WARNA ATAU MODEL CADANGAN. JIKA TIDAK ADA WARNA CADANGAN, JIKA WARNA YANG DIMINTA KOSONG AKAN KAMI KIRIM YANG READY STOCK YAH KAA.. âœ‚ DETAIL PRODUK ğŸ”¸Bahan Crinkle airflow premium - Jatuh - Lembut - Adeum - Flowy dan menyerap keringat, pokoknya baguuus - Gisela dan MHY Kancing Belakang (Non BUSUI) - MNA Crinkle kancing depan aktif (BUSUI Friendly) - Pergelangan tangan kerut  âœ‚ SIZE Lingkar dada 110cm Panjang baju 135cm Panjang lengan 59cm Lingkar Ketiak 50cm  Komplain wajib menyertakan video unboxing dari awal buka paket hingga detail produk yg dikomplain. Tanpa ada video unboxing komplain tidak dilayani.  Menerima Reseller dan dropship  Happy shopping....",gamis.remaja.wanita,KAB. NGAWI,4.5,562,88,32,16,36,1900
49636060,Langkar Dress | Zysku Xena | Gamis Muslimah Print Busui Friendly,489000,"Material: Zefanya (dingin, mengkilap, agak bertekstur seperti crinkle, nyaman dikulit). Weight: 350 gr Features: BUSUI FRIENDLY (retsleting depan), Lengan wudhu friendly.  S - M - L - LXL - XL - XXL Panjang / Length: 140 cm Panjang Lengan / Sleeve: 56 - 56 - 57 - 57 - 58 - 58 cm Lkr.Dada / Bust: 88 - 94 - 100 - 106 - 112 - 120 cm Lkr.Ketiak / Armpit: 44 - 46 - 50 - 50 - 52 - 54 cm Lkr.Lengan Atas / Upper arm circ.: 36 - 38 - 40 - 41 - 43 - 45 cm Lebar Bahu / Shoulder: 36 - 38 - 40 - 40 - 42 - 44 cm  **Note : Menerima return & refund dengan alasan apapun,kecuali untuk produk dengan sale lebih dari 25% (mohon perhatikan keterangan produk dengan seksama).  Untuk komplain, return, dan refund silahkan CHAT ADMIN.",zyskuxena,KOTA BANDUNG,4.7,41,8,1,1,0,142
283378929,DRESS RAYON PREMIUM | GAMIS KATUN RAYON VISCOSE | DRESS BUSUI | HOMEY DRESS,149900,"REAL PIC!! === 1 kg muat 3 pcs ===  Size chart Size A (LD 98cm, Pj 135cm) Size B (LD 105cm, Pj 135cm)  â€”â€”â€”â€”â€”â€”  â€¢ Retsleting depan â€¢ Model lengan karet elastis (wudhu friendly)  KAIN RAYON ORIGINAL ya, bukan kw atau grade, yang original bahannya jatuh, adem dan tidak luntur ğŸ¥°  NOTE: *Tidak menerima ganti barang di note / di chat, pastikan barang yang dipilih ketika check out sudah sesuai. *sedikit perbedaan warna dapat terjadi dikarenakan perbedaan pengaturan layar pada masing-masing device.",tricy.official,KAB. BANDUNG,4.8,502,69,15,3,0,1300
339575556,Korset Melahirkan Pants Infrared 3in1 Korset Pelangsing Pengecil Perut Buncit Pakaian Dalam Wanita,55000,"Color : * Black * Cream  Material : * 15% Far Infra Red * 70% Nylon * 15% Spandex  Size : FREE SIZE *Bisa untuk size M - XXL *Max BB 90kg  Emits Far Infrared Rays dan ion negatif; Memfasilitasi metabolisme; Memfasilitasi Pembakaran Kalori / Lemak; Meningkatkan sirkulasi darah; Mengurangi pengelompokan air; Merangsang proses penyembuhan alami tubuh.  Korset 3in1 pelangsing inframerah jauh yang mulus dapat meningkatkan sirkulasi darah, mengaktifkan sel, dan mempercepat metabolisme; Membakar kelebihan lemak, mengkonsumsi kalori ekstra, dan membentuk kurva yang menarik; Mengatur saraf otonom, dan menghilangkan kelelahan dengan cepat; Bodysuit ramping ini terbuat dari nilon dan spandex yang lembut; Desain mulus menyediakan segala penampilan yang mulus; Tidak ada kait & mata dan tidak ada tulang tambahan; Pastikan Anda memakai lebih nyaman; Kain bernapas membuat Anda seharian dingin dan kering; Kontrol body slim slim body suit memberi Anda efek pelangsing instan; Sinar turmalin sinar inframerah jauh lebih banyak untuk melangsingkan tubuh lebih sehat; Cetakan dan bentuk garis pinggang dan punggung agar terlihat mulus; Baskom depan yang terbuka dan dukungan punggung yang tinggi membantu membentuk postur tubuh yang baik; Mudah dipasang dan dilepas Korset body body ramping yang sempurna untuk dipakai dengan busana busana apapun",hotshaper,KOTA TANGERANG,4.6,7,2,1,0,0,22
842867812,Kaos Distro bahan combed 24s pria wanita anak Panda Sekolah ori by RAINBOW PANDA,99000,"ALLERT..!! PREMIUM PRODUCT ONLY 100%    HALO KAK.. KITA DARI BRAND ""RAINBOW PANDA"" HADIR DENGAN DESAIN YANG UNIK DAN LUCU.. SEMUA DESAIN ASLI PRODUKSI KITA SENDIRI YA.. OTOMATIS SELALU TAMBIL  BEDA DARI YANG LAINNYA DIPASARAN.. KUALITAS TERJAMIN 100%. BE SMART BUYER, JANGAN TERKECOH DENGAN KAOS SABLON MURAH DIPASARAN.. ADA HARGA SELALU ADA RUPA YA KAK.. HEHEHE   KITA HADIR DALAM 6 VARIAN WARNA 1. JET BLACK  2. KUNING KENARI 3. BABY YELLOW 4. SOFT PINK 5. KUNING EMAS ( MIRIP ORANGE TAPI LEBIH SOFT ) 6.LILAC NOTED : UNTUK PEMBELIAN SILAHKAN CANTUMKAN PILIHAN WARNA DI KOLOM DISKRIPSI YA KAK.    SIZE CHART S 45 CM LEBAR X 65 CM PANJANG  M 48 CM LEBAR X 68 CM PANJANG L  51 CM LEBAR X 71 CM PANJANG XL 54 CM LEBAR X 74 CM PANJANG  SPEIFIKASI PRODUK KITA :  - BAHAN 100% COTTON COMBED 24S PREMIUM. LANGSUNG DISUPLAI DARI PABRIK TEXTILE TERNAMA DI JAWA BARAT DAN PROSES JAHIT DIKERJAKAN OLEH AHLI KONVEKSI KITA SENDIRI - SABLON KUALITAS DTF ( DIRECT TRANSFER FILM ) ANTI KISUT DAN PECAH PECAH KETIKA DICUCI  - ORIGINAL PRODUK BY RAINBOW PANDA - PRODUK LANGSUNG READY STOCK SEMUA TANPA BUYER MENUNGGU PROSES PENYABLONAN YANG MEMAKAN WAKTU - SEMUA FOTO REAL PICTURE BAHKAN ASLINYA LEBH BAGUS SECARA KECERAHAN WARNA PRODUK KARENA DESAIN PRODUK FULL GRADASI COLOUR KUALITAS DTF.  CARA PERAWATAN SABLON DTF BIAR AWET JANGKA TAHUNAN 1. SEBISA MUNGKIN KETIKA MENYETRIKA BAGIAN SABLON POSISI KAOS DIBALIK 2. MENJEMUR PAKAIAN POSISI KAOS DIBALIK  RESELLER / DROPSHIPPER WELCOME.  JANGAN LUPA SUPPORT JUGA YA KAK DI INSTAGRAM KITA  : RAINBOWPANDA.ID   HAPPY SHOPPING ",rainbowpandaclothing,"KOTA SEMARANG - SEMARANG UTARA, JAWA TENGAH, ID",0.0,0,0,0,0,0,1
47241027,Seragam Paskibraka Paskibra Lengkap,296100,"â– Bahan Luar: Exclusive Gabardine. Bahan yang biasanya digunakan untuk seragam paskibra nasional di kalangan pemerintahan Indonesia. Alasan mengapa dipilih bahan ini? â–ªï¸Bahan ini merupakan bahan campuran katun dan poliyester yang memiliki serat khas jas. â–ªï¸Dibandingkan dengan bahan driil lainnya (american driil/japan driil/ nagata driil), bahan ini  memiliki warna putih bersih yang awet dan tidak cepat pudar ketika disimpan bertahun-tahun, jadi cocok untuk yang mau buat inventarisir. â–ªï¸ Bahan tidak mudah kusut  â– Bahan dalam (Lapisan dalam/furing) : katun full sehingga adem dan nyaman dipakai.  â– produk berisi:  1. setelan:  atasan dan bawahan celana/span pendek (pilih salah satu), â–ªï¸model atasan berupa potongan jas asli dengan  Lapisan dalam (furing) menggunakan kain katun full sehingga adem dipakai dan dilengkapi dengan busa pundak dibagian bahu. Kancing jeblok. Jahitan halus dan rapi. 2. Badge logo paskibra 3. Syal leher merah putih dalam bentuk kain 4. Sabuk putih bagi putra 5. evolet pundak 6. pin merah putih 7. pin garuda 8. peci   â– size s/m/l/xl size chart  â–ªï¸S = LD 94cm PB 71cn PL 53cm celana 29  â–ªï¸M = LD 98cm PB 73cm PL 55cm celana 30  â–ªï¸L = LD 104cm PB 75cm PL 57cm Celana 30  â–ªï¸Xl = LD 110cm PB 75cm PL 59cm Celana 32   Note: CECKOUT & PEMBAYARAN SEBELUM JAM 16.00 WIB DIKIRIM PADA HARI YANG SAMA, LEBIH DARI JAM 16.00 WIB IKUT PENGIRIMAN PADA HARI BERIKUTNYA ya,, Happy ShoppingğŸ™‚  #seragampaskibra  #seragampaskibraka  #seragamhutRI  #seragamupacara  #seragampaski #bajupaskibra #bajupaskibraka #paskibraka #paskibra #jaspaskibra #setelanpaskibra #setelanpaskibrakalengkap",galerisantrikudus,KAB. KUDUS,4.9,189,12,2,0,1,1400
848135372,KAOS WANITA/BAJU CEWEK OVERSIZE KINDNESS MATTERS KAOS BAJU CEWEK KEKINIAN MURAH ATASAN WANITA KATUN (COD),45000,"Hallo, Selamat datang di FRANCCES !  Kaos katun premium Ready S - XXL Unisex (Pria&Wanita)  Deskripsi Produk :  Material : Katun Combed Premium  Size : S | M | L | XL | XXL  Detail Size Chart : (lingkar dada X panjang)  S : 66 CM X 47 CM  M : 70 CM X 49 CM  L : 72 CM X 52 CM  XL : 75 CM X 55 CM  XXL : 77 CM X 58 CM  *Toleransi 1-2cm* MODEL MENGGUNAKAN SIZE S TINGGI BADAN 153CM BERAT BADAN 48KG    DIJAMIN KULITAS BARANG TERBAIK  Kami menggunakan bahan premium dan berkualitas untuk produk â€“ produk kami.Sehingga kaos kami bebahan halus dan sangat nyaman saat dipakai , adem, menyerap keringat dan tidak menerawang. Kaos kami cocok digunakan untuk sehari hari , bepergian , bekerja , kuliah , maupun berolahraga.     Kami Menerina COD / Non-COD dan Gratis ongkir  Kami juga Menerima :  Pembuatan Custom Kaos kelas/universitas/perusahaan/partai lusinan maupun ribuan pcs     Chat Admin dan Dapatkan Harga Special  ---  Happy Shopping !",francess.id,KOTA JAKARTA BARAT,5.0,21,0,0,0,0,25
526260429,K-MAN CELANA DALAM MAGNET TERAPI VITALITAS PRIA K MAN ORIGINAL KLINK,631750," Hai Kak ğŸ˜˜ SELAMAT DATANG DI TOKO Kami || K-Link Distributor Resmi Kami hadir memberikan produk terbaik untuk Anda yang mengutamakan kualitas dan kesehatan maksimal ğŸ‘  ğŸ¥° Jangan sungkan untuk chat kami di inbox, produk selalu ready dan siap kirim hari ini juga ğŸ¥°  K-MAN merupakan celana dalam pria yang dapat merawat kesehatan area int*m pria sekaligus meningkatkan vit*litas pria.   K-man menggunakan bahan thermal yang mampu mengontrol suhu pada area int*m tetap sejuk untuk menjaga kualitas sp*rma tetap baik, serta bahan serat anti kum an yang dapat menjaga kesehatan kulit di sekitar area int*m pria agar bebas kum an dan bak teri.  KOMPOSISI K-MAN :  1) GERMANIUM : â€¢ Menghasilkan ion negatif dan sinar inframerah â€¢ Melancarkan peredaran darah â€¢ Meningkatkan energi organ vit*l pria â€¢ Mengaktifkan sel-sel tubuh â€¢ Meningkatkan metabolisme â€¢ Membuang tok sin dari dalam tubuh  2) TITANIUM : â€¢ Menghasilkan ion negatif dan sinar inframerah â€¢ Mencegah kerusakan sel akibat radiasi â€¢ Memberikan efek rileksasi pada tubuh â€¢ Menghilangkan ketegangan pada otot-otot â€¢ Sebagai anti bak teri  3) TOURMALINE : â€¢ Menghasilkan ion negatif dan sinar inframerah â€¢ Menghilangkan bau tak sedap akibat bak teri â€¢ Meredakan pegal-pegal pada area pinggang â€¢ Mengatasi nyeri tulang pinggul dan tulang belakang â€¢ Menjaga kesehatan tubuh  4) MAGNET : â€¢ Memancarkan ion negatif dan sinar inframerah â€¢ Melancarkan peredaran darah â€¢ Membunuh bak teri penyebab penyakit â€¢ Meningkatkan sistem imun tubuh â€¢ Meningkatkan kepercayaan diri pada pria  Terbuat dari bahan kapas asli sehingga sangat lembut dan nyaman dipakai sepanjang hari dan memberikan kepercayaan diri Anda sebagai pria sejati.  Cara ukur, silahkan ukur panjang lingkar pinggang :  L = 70cm - 80cm (50kg-60kg) XL = 80cm - 85cm (60kg-70kg) XXL = 85cm - 90cm+ (70kg ke atas)  Satu bok isi 1 tersedia dalam pilihan warna: â€¢ Hitam â€¢ Grey â€¢ Coklat â€¢ Biru  Satu bok isi 2 tersedia dalam pilihan warna: â€¢ Hitam + Grey â€¢ Coklat + Biru  STOK SELALU READY DAN SIAP UNTUK DI KIRIM, SILAHKAN LANJUT DI ORDER AJA YA KAK ğŸ¥°",klinkofficials,KOTA JAKARTA TIMUR,4.8,36,4,2,0,0,1400
153778078,Gamis Dress Busui Katun Rayon Motif Original by Moela [Mone Balmi Marin Zelia Ofcia Blisa Mily Luasi Biloa Mirvi Nalin Rolis Rosci Hinsy Vicia Lavia Beira Sirca Minse Racia Miva],130000,"-Mohon menanyakan stock barang terlebih dahulu, tanpa keterangan kita kirim random.  -Detail lengkap produk sudah ada di gambar. -Bahan, model, size sesuai keterangan pada foto/gambar. -Barang cepat habis, kalo cocok silahkan tanya Admin dan lakukan pembayaran.  -Silahkan chat juga kalo ada request model, nanti kita carikan.  -Semua produk disini real picture ya!    -Kami mengutamakan pelayanan dan kualitas terbaik! -Jual barang ori langsung dr toko nya, semua barang produk dari Solo dan pengiriman dari Solo, dijamin harga termurah! -Fast respon, terpercaya, dan aman.   Keuntungan berbelanja di Rab Hijab : 1. Amanah, ramah, dan fast respon (Buktikan sendiri) 2. Produk original dan berkualitas (Bisa dibandingkan) 3. Suplier pertama fashion dan hijab 4. Pengiriman cepat dan tepat 5. Sebelum packaging selalu kami cek 6. Beli banyak dapat diskon 7. Silahkan cek produk lain di toko kami  TERIMA KASIH HAPPY SHOPPING",rab_hijab,KOTA SURAKARTA (SOLO),4.8,1RB,148,28,8,6,3100
39111161,Grosir Solo Gamis Midi Dress Linen Tali Pinggang Hazzel,92900,"ğŸ›’ KODE PRODUK : HAZZEL MIDI  âœ‚ DETAIL PRODUK ğŸ”¸Bahan Linen ğŸ”¸Pergelangan tangan kerut ğŸ”¸Full kancing depan ğŸ”¸Variasi tali kanan kiri  âœ‚ SIZE ğŸ”¸Lingkar dada 108cm ğŸ”¸Panjang baju 130cm ğŸ”¸Panjang lengan 53cm ğŸ”¸lebar ketiak 42cm  ==========================================================================  ğŸ›’ KODE PRODUK : Meira Dress  âœ‚ DETAIL PRODUK ğŸ”¸Bahan Polo Linen ğŸ”¸Pergelangan tangan karet ğŸ”¸Busui Resleting depan ğŸ”¸Variasi tali kanan kiri ğŸ”¸Saku bagian kanan  âœ‚ SIZE ğŸ”¸Lingkar dada 110cm ğŸ”¸Panjang baju 135cm ğŸ”¸Panjang lengan 53cm ğŸ”¸lebar ketiak 42cm  Silahkan check out sesuai variasi produk / warna yg / Size yang diminat Kami akan kirim sesuai variasi yang kakak check out   ğŸ”¸Silahkan cantumkan warna cadangan di catatan pesanan , agar kami bisa segera kirim dengan tepat waktu ğŸ”¸Apabila barang yg diminat habis , kami akan chat terlebih dahulu ğŸ”¸Apabila 1*24 jam chat tdk dibalas terpaksa kami kirim random *kami harap kakak bs memberi warna cadangan di catatan pengiriman ğŸ”¸Apabila ada kesalahan pengiriman : barang riject , salah barang dll silahkan  chat kami atau hub no di paket. Jangan langsung review buruk ya kak , agar kami bisa menyelesaikan masalah  #midilinen #hazzelmidi",grosirsolo.storee,KAB. KARANGANYAR,4.7,387,86,22,8,1,1500
259918782,Alinka dress cringkle airflow gamis wanita,90000,alinka gamis  DETAIL UKURAN M : ld 100cm panjang 128cm  L : ld 105cm panjang 129cm  XL : ld 110cm panjang 130cm,mylubist.store,KAB. CIREBON,4.8,236,35,12,1,2,868
45229875,Hijabwanitacantik - Saqi Dress SQ26.2 Grey | Dress Printing Exclusive | Gamis Pakaian Muslim,325000,Saqi Dress untuk outfit lebaranmu! sudah ready siap kirim yaağŸ˜ğŸ˜,hijabwanitacantik.official,KOTA TANGERANG SELATAN,4.6,19,4,1,1,0,62
358383278,Gamis Terbaru Lebaran 2023 Dress Crinkle Premium Gisella Polos Simple Elegan Mewah,89900,"Gamis Terbaru Lebaran 2023 Dress Crinkle Premium Gisella Polos Simple Elegan Mewah KARENA BANYAKNYA PERMINTAAN, KAMI SARANKAN UNTUK MEMBERIKAN 2 OPSI WARNA ATAU MODEL CADANGAN. JIKA TIDAK ADA WARNA CADANGAN, JIKA WARNA YANG DIMINTA KOSONG AKAN KAMI KIRIM YANG READY STOCK YAH KAA.. âœ‚ DETAIL PRODUK ğŸ”¸Bahan Crinkle airflow premium - Jatuh - Lembut - Adeum - Flowy dan menyerap keringat, pokoknya baguuus - Gisela dan MHY Kancing Belakang (Non BUSUI) - MNA Crinkle kancing depan aktif (BUSUI Friendly) - Pergelangan tangan kerut  âœ‚ SIZE Lingkar dada 110cm Panjang baju 135cm Panjang lengan 59cm Lingkar Ketiak 50cm  Komplain wajib menyertakan video unboxing dari awal buka paket hingga detail produk yg dikomplain. Tanpa ada video unboxing komplain tidak dilayani.  Menerima Reseller dan dropship  Happy shopping....",gamis.remaja.wanita,KAB. NGAWI,4.5,562,88,32,16,36,1900
49636060,Langkar Dress | Zysku Xena | Gamis Muslimah Print Busui Friendly,489000,"Material: Zefanya (dingin, mengkilap, agak bertekstur seperti crinkle, nyaman dikulit). Weight: 350 gr Features: BUSUI FRIENDLY (retsleting depan), Lengan wudhu friendly.  S - M - L - LXL - XL - XXL Panjang / Length: 140 cm Panjang Lengan / Sleeve: 56 - 56 - 57 - 57 - 58 - 58 cm Lkr.Dada / Bust: 88 - 94 - 100 - 106 - 112 - 120 cm Lkr.Ketiak / Armpit: 44 - 46 - 50 - 50 - 52 - 54 cm Lkr.Lengan Atas / Upper arm circ.: 36 - 38 - 40 - 41 - 43 - 45 cm Lebar Bahu / Shoulder: 36 - 38 - 40 - 40 - 42 - 44 cm  **Note : Menerima return & refund dengan alasan apapun,kecuali untuk produk dengan sale lebih dari 25% (mohon perhatikan keterangan produk dengan seksama).  Untuk komplain, return, dan refund silahkan CHAT ADMIN.",zyskuxena,KOTA BANDUNG,4.7,41,8,1,1,0,142
283378929,DRESS RAYON PREMIUM | GAMIS KATUN RAYON VISCOSE | DRESS BUSUI | HOMEY DRESS,149900,"REAL PIC!! === 1 kg muat 3 pcs ===  Size chart Size A (LD 98cm, Pj 135cm) Size B (LD 105cm, Pj 135cm)  â€”â€”â€”â€”â€”â€”  â€¢ Retsleting depan â€¢ Model lengan karet elastis (wudhu friendly)  KAIN RAYON ORIGINAL ya, bukan kw atau grade, yang original bahannya jatuh, adem dan tidak luntur ğŸ¥°  NOTE: *Tidak menerima ganti barang di note / di chat, pastikan barang yang dipilih ketika check out sudah sesuai. *sedikit perbedaan warna dapat terjadi dikarenakan perbedaan pengaturan layar pada masing-masing device.",tricy.official,KAB. BANDUNG,4.8,502,69,15,3,0,1300
311727668,Melika - Midi Dress/ Daster/Tunik Bahan Rayon Ala Korea,60000,"TUNIK   BAHAN : RAYON VISCOSE GRADE A+ BERAT : 0.3 kg  UKURAN ATASAN PANJANG : 106CM LINGKAR DADA : 110 CM PANJANG LENGAN : 55 CM LINGKAR LENGAN : 38 CM  NOTES : - UJUNG LENGAN MEMAKAI KARET - TALI PITA TERPISAH - BAGIAN DADA MENGGUNAKAN KANCING  Note : *Warna yang ditampilkan mungkin berbeda dengan produk asli karena pengaturan layar tampilan Anda. Kami tidak bisa menjamin 100% akurat. **Apabila terdapat kekurangan barang dalam pengiriman, harap komplain menyertakan video unboxing, dan foto label paket penerima. Tanpa video unboxing dan foto label paket komplain tidak akan kami proses",melikaclothing,KOTA TASIKMALAYA,4.7,"5,1RB",1RB,193,36,21,10000
219115580,Titan Maxi | Fashion Muslim Gamis OOTD Casual Remaja Kekinian | Gamis Polos Dewasa Terbaru,54700,â¤ PASTI READY STOK DONG â¤ BARANG PO SEMENTARA 3-7 HARI  Material : Crepe Premium Ukuran   : Allsize Fit To XL (Jumbo)  Lingkar Dada : 104cm Panjang Baju : 135cm Panjang Tangan : 56cm  Untuk Kualitas Kami Utamakan No.1 ( Garansi Jika Cacat ) S&K berlaku  Kami Selalu Mengutamakan Kualitas Produk Bukan Kuantitas. Silahkan Bandingkan Sendiri.  *JADWAL PENGIRIMAN*   - Pengiriman dilakukan setiap hari  - Orderan di atas jam 18.00 akan di kirim besok harinya  - Resi akan terupdate secara otomatis ,lariseofficial.store,KAB. PEKALONGAN,4.7,919,198,35,6,7,2700
2005958,Silvervogue - SV 3951 - Nabilla Set Dress | Pakaian Wanita,225000,SV 3951 RESTOCK!!! Nabilla Set Dress (include inner) PRICE : 225.000  MATT : SILK + TILE IMPORT SIZE : FREESIZE  Outer  Length : 124cm  Inner (belakang resleting) Bust : 100cm Waist : 100cm Hip : 124cm Length : 100cm  Warna : 1. Coklat  2. Gold 3. Hijau Muda 4. Tosca 5. Ungu lavender 6. Ungu Muda (agak ke pink) 7. Pink Muda 8. Abu 9. Hijau Tua 10. Pink Tua  Berat :  415gram,silvervogue,KOTA JAKARTA BARAT,4.9,713,56,5,1,2,2200
373881009,GAMIS SERUT SATIN | DRESS SERUT KONDANGAN BRIDESMAID,75000,GAMIS SERUT SATIN Bahan Satin Deskripsi produk LD 100 Cm Panjang Dress 130 Cm Panjang lengan 55 Cm Lebar Pinggul 100 Cm,lunatiq.co,KOTA SURABAYA,4.6,244,71,17,6,2,1100
35950687,Pamelo Cod Daster singlet Import 20corak Fashion Wanita baju import Sexy Daster Tali satu import,39999,Jika masih bisa diklik varian nya berarti ready ya  PERHATIAN - KODE -  #DS15 Bahan kaos Spandek import Ld90an to 100an (free penutup mata tanpa busa)  #DS9 : Bahan Spandek Import Ld 120cm PJ 102cm (tali 1 single)tanpa busa  #DLP : Bahan Spandek import LD114cm PJ 102cm (lengan Puntung )tanpa busa  # DS818 =Bahan spandek (ada  busa + ada  mask mata) Ld 90an to 100an  pj kisaran 88cm bahan bisa melar  # DS08 =Bahan Plisket Poly import (ada  busa + ada  mask mata) Ld 90an to 100an  pj kisaran 88cm bahan bisa melar  #DS82 =Bahan Kaos Katun (ada busa ) Ld 90an to 100an  pj kisaran 88cm bahan bisa melar  #DS3 = Bahan premium ( tanpa busa )  Ld 90an to 100an   pj kisraan 88cm  toleransi ukuran 2-3cm karna bahan pabrikan     singlet daster import bahan kaos katun premium bahan premium  stok sudah sesuai jadi Klik pervarian tidak bisa request corak lewat chat/Keterangan nota!!! karna akan dikirim varian sesuai pesanan terimakasih  #yorustuffpiyama #piyamayorustuff #yorustuff #reseller #dropship #bajutidurimport #dasterimport #singletdaster #dastersingletimport #bajutidurmurah #dastermurah #singletdress #bajuimport #fashionwanita,pamelo.id,KOTA JAKARTA BARAT,4.8,"7,5RB","1,1RB",273,58,55,10000
356336260,Dress Wanita CLARISSA MIDI DRESS Bahan Katun Salur Gamis Muslim Termurah / Dress Terlaris / Baju Dress Casual Trendy / Dress Terbaru / COD,178000,"CLARISA MIDI DRESS Gamis Model Terbaru Detail Produk : â€¢	Bahan : Katun Salur â€¢	Ukuran : Allsize Fit To L+ 	Lingkar Dada : +/- 114 cm          Panjang Dress : +/- 102 cm           Panjang Tangan : +\- 52 cm â€¢	Busui â€¢	Kemiripan Gambar +/- 95% Karena Faktor Efek Cahaya Kamera â€¢	Bisa Bayar di Tempat (COD) â€¢	Produk Best Seller High Recommended â€¢	Cocok Untuk Segala Aktifitas â€¢	Model Kekinian, Trendy dan Elegan â€¢	Tersedia Banyak Variasi  *PENTING : -Pastikan alamat yang di tulis ketika checkout diisi dengan sangan LENGKAP guna menghindari kendala pengiriman oleh kurir (Sertakan patokan bila perlu) -Pastikan nomor HP yang diisi dalam alamat ketika checkout mudah dihubungi (Tlp. &amp; Sms) / (Sertakan 2 Nomor Hp bila perlu)  Kenapa harus belanja di BUSANA MUSLIMAH? ğŸ’ Pengiriman CEPAT (hari H sampai H+2) ğŸ’ Harga MURAH tapi ENGGAK murahan ğŸ’ Kualitas bahan dijamin BAGUS ğŸ’ Jahitan konveksi RAPI ğŸ’ Stock AMAN jadi cocok banget buat RESELLER dan DROPSHIPER aktif ğŸ’ Terima Reseller &amp; Dropshiper Tanpa Syarat Apapun &#34; Berilah ğŸŒŸğŸŒŸğŸŒŸğŸŒŸğŸŒŸ atas pelayanan terbaik kami&#34;   Edisi terbaru dari toko Busana Muslimah dengan model tebaru dan trendy untukmu. Didesain untuk bisa dipakai  dalam berbagai acara. Sangat nyaman saat dipakai sehingga dapat menunjang penampilan dan kepercayaan dirimu. Beli sekarang, Limited Edition sebelum kehabisan   HAPPY SHOPPING â¤ï¸-  ",busana_muslimah1,KOTA BANDUNG,4.6,179,34,15,6,4,715
290514325,L dress lace katun dauky gamis dauky,469000,gamis dauky terbaruu,elzatta_daukyshope,KAB. PURWAKARTA,4.7,14,0,0,0,1,32
48270519,RIRA TUNIK CRINKLE,52300,RIRA TUNIK CRINKLE ALLSIZE FIT XL LD -+ 110 CM PJ TUNIK -+ 100 CM MATT CRINKLE AIRFLOW,geraiklambiku,KOTA SURAKARTA (SOLO),4.6,"1,2RB",269,78,28,50,6300
379865608,GAMIS SYARI FUJI DRESS VELVET POLOS MAKSI BUSANA MUSLIM LEBARAN,21854,"Detail Produk Dress  Bahan velvet satin premium tebal dan halus Resleting belakang belum busui friendly Model lengan long atau off shoulder Dress   Detail Ukuran: Size M ( LD 100cm, Panjang 138cm ) Size L ( LD 105cm, Panjang 138cm ) Size XL ( LD 110cm, Panjang 138cm ) Jumbo ( LD 118-120cm, Panjang 140cm)  Varian warna Hitam Latte Maroon Mauvee Sage Green  HIJAB BAHAN POLYCOTTON HALUS KHUSUS PEMBELIAN HIJAB KITA KIRIMKAN WARNA RANDOM SESUAI STOK  Catatan lain: Rekomendasi untuk acara formal seperti couple kondangan Cocok segala usia Dress pesta Dress tunangan Dress wisuda Dress lamaran Couple kondangan bareng pasangan Couple pasutri bisa dikombinasikan dengan kemeja",ariskatyo,KAB. BANTUL,4.4,125,31,12,5,8,445
6474527,GAMIS LEBARAN BRUKAT TANGAN BALON ORGANZA CLARISA MEWAH MUSLIMAH ACARA PESTA GROSIR MURAH MODELLANO,99750,"MOTIF BARU LAGI, SSUAI FOTO VARIASI YG DKLIK  ld 104 p 130cm  bahan brukat mix organza  bahan ringan nyaman dipake brukat halus lembut mewah bgt dipake   #gamiscrinkle #gamislebaran #gamisjumbo #crinkle #lebaran #gamis #maxijumbo #gamisrompi #gamisouter #gamisvest #gamisld120 #crinklejumbo #gamismewah #gamisidulfitri #gamispolos #gamisbumil #gamisbumil #gamisxxl #gamisbigsize #gamisbigsize #grosirgamis #murahjumbo #grosirgamis #gamispgmta #pgmta",modellano,KOTA JAKARTA BARAT,4.8,151,29,4,0,0,900
103099290,GAMIS BASIC  / GAMIS RAYON POLOS / GAMIS PLAIN SUSUN / GAMIS CANDA / GAMIS HITAM POLOS,39900,"BISMILLAHIRROHMANIRROHIM  READY STOCK !!  âœ”ï¸ Gamis polos dengan model susun âœ”ï¸ terdapat karet dibagian lengan (wudhu friendly) âœ”ï¸ terdapat resleting dibagian depan (busui friendly) âœ”ï¸ terdapat tali dibagian pinggang sehingga bisa disesuaikan dengan ukuran badan   âœ”ï¸ menggunakan bahan Rayon yang sangat nyaman dikenakan ğŸ¥°   Gamis Polos Susun Matt : Rayon âœ”ï¸ Detail ukuran : All size.  LD : 110 cm.  PB : Kurleb 138    untuk pertanyaan lebih detail silahkan chat yaa, insyaAllah pasti kami balas ğŸ™   Terimakasih sudah berbelanja ğŸ˜ŠğŸ™",ayukhoiriyani,KAB. PEKALONGAN,4.8,"11,9RB",2RB,361,46,41,10000
82269285,Shafira Gianna Dress | Gamis Pakaian Muslim Wanita | Dusty Pink and Mustard,671400,"Shafira Gianna Dress | Gamis Pakaian Muslim Wanita | Dusty Pink and Mustard  Plaid motif yang elegant & modern, Menyempurnakan plain scarf favoritmu, Get ready for your perfect holiday.Kamu bisa jadikan dressnya sebagai outer, For your another stylish look.   Material : Cotton Rayon Acrylic Price     : 1.119.000  - Made a soft, brushed cotton rayon blend - Attractive fit and flare cut - Buttons all the way down, so it also styles as an outer - Modern plaid pattern - Add a matching belt to define the waist  DISCLAIMER : Warna produk yang didisplay merupakan produk yang sama dengan aslinya. Akan tetapi dikarenakan cahaya, kamera maupun warna kontras pada monitor komputer atau handphone anda, perbedaan warna dapat terjadi, Toleransi perbedaan warna -15% . Harap dimaklumi",shafira.official,KOTA BANDUNG,4.9,71,8,1,0,0,136
79514129,COWBOYS SWEATER - CREWNECK SWEATER WANITA - PAKAIAN WANITA TERLARIS,19500,Bahan : BABYTERRY Ukuran : LD 88 PJ 40  Â°Bahan BABYTERRY Â°Tidak mudah kusut Â°Menambah rasa percaya diri Â°Menjadikan  sista jadi trends fashionable  LAKUKAN VIDEO UNBOXING SEBELUM MEMBUKA PAKET :) KOMPLAIN TANPA BUKTI VIDEO TIDAK AKAN KAMI ACC! ğŸ™  MEMBELI = SETUJU ğŸ˜‰ğŸ‘   #sweater #jaket #sweaterkorea #jaketbomber #jaketwanita #sweatercrop #jaketpria #hoodie #jaketpolos #sweatermurah #fashion #pakaian #bestseller #casual #sweaterwanita #murah  Terima kasih!,budisusilo170992,KOTA JAKARTA BARAT,4.2,406,158,101,42,24,2500
11568807,NEW SALEâ£ï¸Briana Tunic Ria Miranda Lawas Sesion,618750,"Bismillah, Ready new  Briana Tunic Ria Miranda Lawas Sesion warna: Lilac & Pink size: XS/S & M/L bahan: Satin Armani IDR: 825.000",busale_shopper,KOTA JAKARTA TIMUR,5.0,39,1,0,0,0,73
67865737,Setelan Gamis Ikatan cinta sage mint/Pakaian muslim gamis sage green/Gamis sage mint,95000,"Ikatan cinta set setelan gamis : rayon polos Detail gamis :  - ikat pinggang di belakang - kancing didepan - kancing di tangan kiri dan kanan  Ukuran : size M dan L size M : (lebar dada 95 cm, panjang baju 130 cm size L : (lebar dada 100-108 cm, panjang baju 130 cm) size Xl : (lebar dada 120 cm, panjang baju 130 cm)  #gamismuslim #gamisadem #gamissagegreen",beautygum.id,KOTA JAKARTA BARAT,4.6,67,14,3,0,3,234
370050235,DASTER KIMONO BUSUI FRIENDLY BAJU TIDUR  WANITA KEKINIAN VIRAL,16000,"PROMO DASTER KIMONO PENDEK BAJU TIDUR KEKINIAN  JAHITAN DI UTAMAKAN DOBLE JAHITAN INSYA ALLAH AWET,GA KAYA DASTER LAIN YG HANYA DI OBRAS SAJA  INFO PENGIRIMAN -CHEKOUT  DI BAWAH JAM 12 SIANG MASIH BISA IKUT PENGIRIMAN HARI ITU JUGA YA KAK. -KITA KIRIM SETIAP HARI,TERKECUALI WKND LIBUR PENGIRIMAN,JADI KITA KIRIM BESOKNYA ATAU HARI SENIN. -TIDDAK MENERIMA PESANAN LEWAT CHAT/ATAU GANTI MOTIF DENGAN MOTIF YG LAIN,KARNA ADMIN CHT SAMA YG PAKING KERJANYA DI TEMPATKAN DI TEMPAT YG BERBEDA.  PENERIMAAN PAKET -MOHON SEBELUM MEMBUKA PAKET ALANGKAH BAIKNYA DI SERTAKAN UNBOXING,BIAR SEWAKTU WAKTU ADA KEKURANGAN KITA BISA TANGGUNG JAWAB ATAS SEMUANYA. JIKA TIDAK ADA UNBOXING PAKET,ATAU TIDAK ADA BUKTI UNBOXING,MOHON MAAF KITA GA BISA GANTI UNTUK KEKURANGANNYA,TERIMAKASIH ATAS PENGERTIANNYA.  Bismillah.. dengan kejujuran.. ğŸ¤— ğŸ’¯ %  Real pick foto ğŸ“¸  ğŸ“¢ GESSER GAMBAR ğŸ”¥PILIHAN MOTIF MELIMPAH ğŸ”¥ CEK STOK SEBELUM TRANSAKSI.  INFO PRODUK ğŸ‘‡ Kain : Rayon viscose Sifat kain : Lembut adem  ğŸ¤©  Jadi adem nya itu original bukan seperti poli rayon  ALL SIZE : S_XL LD105PJ 98 muat sampe bb 65 . ğŸ¤— Kita produksi sendiri ya bund,insya allah barang real pict ğŸ˜Š  STOK HABIS LANGSUNG UPDATE MOTIF BARU,, JIKA TERLALU LAMA MASUKAN KERANJANG 60% KEMUNGKINAN BESAR KODE SUDAH GANTI MOTIF !!!   **MOHON MAAF TOKO KITA TIDAK MENERIMA PESANAN LEWAT CHT YA KAK, YG SUDAH CHEKOUT PASTI KITA KIRIM SESUAI PESANAN, TERIMAKASIH HAPPY SHOOPINH ğŸ™",butikdasterbogor,"KAB. BOGOR - TENJOLAYA, JAWA BARAT, ID",4.8,"8,6RB","1,1RB",239,57,38,10000
23160506,baju murah  jimat tunik,45000,- Tunik terbaru kombinasi - tali pinggang aktif  >Nyaman di gunakan >Tida nerawang >Nyerap keringat  Detail produk - Ukuran L - Bahan : moscrepe - Berat produk : 280 gr - Panjang : 105 cm - Lingkar pinggang : 102 cm - Lingkar dada : 100 cm - Lebar bahuÂ  : 40 cm - Panjang lengan : 35  cm - Perkiraan berat badan : 45 - 60 Kg  Detail produk - Ukuran XL - Bahan : moscrepe - Berat produk : 280 gr - Panjang : 107 cm - Lingkar pinggang : 105 cm - Lingkar dada : 105 cm - Lebar bahuÂ  : 42 cm - Panjang lengan : 37  cm - Perkiraan berat badan : 55 - 70 Kg  Detail produk - Ukuran XXL - Bahan : moscrepe - Berat produk : 280 gr - Panjang : 108 cm - Lingkar pinggang : 105 cm - Lingkar dada : 110 cm - Lebar bahuÂ  : 43 cm - Panjang lengan : 38  cm - Perkiraan berat badan : 65 - 75 Kg  > kita menerima pesanan lebih dari 1 kodi. > Untuk dropship mohon tulis nama toko dan No.tlp yang bisa di hubungi.  Pentunjuk cara pencucian - Jemur jangan terlalu lama - Jangan peras terlalu kencang - Gunakan setrika dengan suhu rendah - Keringkan dengan mesin cuci dengan suhu rendah - Jangan pake pemutih  #bajutunik #bajuhijab #kemejamurah #kemejatunik #bajubusui #bajuhamil #kemejacantik #bajubigsize #celanabahan #celanakulot #kemejacewek #kemejakeren #celanacewek #bajukerja #pakaianwanita #blouse #kaoswanita,sseolshop,KAB. BANDUNG,4.6,"2,9RB",764,223,37,34,900
752641659,HAEV! T-shirt Oversize - Humanity T-shirt/kaos/pakaian,94500,"Tshirt Haev merupakan salah satu lini pakaian terbaik dan berkualitas dan asli buatan Indonesia. Memakai bahan cotton yang nyaman dan design yg cocok digunakan untuk bepergian sehari hari Dengan design dan print yang berkualitas akan mewarnai hari hari teman teman semua.  Untuk model pria : Tinggi 185-186 cm, Berat 75 kg, menggunakan ukuran XL Untuk model wanita : Tinggi 165-170 cm, Berat 55 kg, menggunakan ukuran M  M : Panjang badan : 73 cm - Lebar badan : 55 cm L : Panjang badan : 76 cm - Lebar badan : 58 cm XL : Panjang badan : 78 cm - Lebar badan : 60 cm  Toleransi setiap size : 1-1,5 cm  *Untuk pengembalian barang apabila ada rijek atau salah pengiriman,wajib disertakan video unboxing,tanpa bukti video,kami tidak bisa menerima pengembalian barang, Terimakasih",haev.studio,KAB. KLATEN,4.8,"2,1RB",312,85,19,20,6300
688079440,Tunik Kotak Wanita Beautyfashion Model Korean Style Terbaru Kekinian,45980,"Selamat Datang Di Toko BEAUTY FASHION.BDG  Selamat Berbelanja di Toko Kami jangan lupa Tulis Warna & Ukuran yaa..  - TUNIK KOTAK WANITA KOREAN STYLE BEAUTYFASHION  Detail produk: - KANCING DEPAN AKTIF - BAHAN KATUN MOTIF KOTAK - KOTAK - TALI DIBAGIAN PINGGANG  ALLSIZE : LD : 110 CM PB : 100 CM PANJANG TANGAN : 55   Notes!  â€¢ Saran Untuk Paket Urgent silahkan pilih layanan pengiriman Reguler dengan estimasi pengiriman 1 - 5 hari tergantung lokasi tujuan namun tdk menutup kemungkinan akan lebih cepat .  â€¢ Jangan Lupa Klik Follow / Ikuti Toko Kami Untuk Dapatkan Potongan Voucher Dan Diskon Menarik âœ…  â€¢ Silahkan Pilih Variasi Warna Yang Diinginkan , Jika Warna  Yang Diinginkan Kosong / Sold Out maka kami akan menghubungi lewat chat shopee untuk konfirmasi pergantian warna  â€¢ Warna Dikirim Sesuai Dengan Yang Dipilih Jika ada sedikit perbedaan warna dikarenakan foto melalui proses editing / efek lighting cahaya .  â€¢ Jangan Lupa Sertakan Video Unboxing Agar Pihak Kami Memahami Kendala Paket Tersebut â€¢ Welcome Reseller & Dropshipper â¤ï¸  Terima kasih! #gamis #fashionmuslim #muslim #murah #casual#dressmuslim#dresskekinian#pakaianmuslim#bajumuslimwanita#gamismuslim#outer#outerscarf#outermuslim#blouse#blousewanita#atasanwanita#atasanblouse",beautyfashion.bdg,KAB. BANDUNG,4.4,239,94,35,8,12,1100
391096308,RH Col Bambo Dress Silk New ( gamis terbaru lebaran ),198000,"BAMBO DRESS SILK Harga 198.000  Ld 120cm Pj 135cm Lingkar ketiak 50-58 cm  Muat sampai BB 80-85kg   Material bambo silky  Premium, flowly, adem , tebal  100 % tidak menerawang",rh_col,"KAB. SUKOHARJO - KARTASURA, JAWA TENGAH, ID",4.8,5,1,0,0,0,19
288972739,Satin dress / Gamis Satin Murah [READY STOCK],119000,"Satin Dress is just perfect to start your day! It can be used for both casual & formal! Its a ""yes an YESS"" for ledies out there.   Size: All size ya dear! Untuk LD : 96cm Panjang dress: 138cm  Bahan: Satin premium yang ga bikin gerah dan terlihat mewah â¤ï¸  JAHITAN DIJAMIN RAPI KARNA KITA PRODUKSI SENDIRI DENGAN KUALITAS BUTIK!!!",sevendays_id,KAB. KLATEN,4.8,"4,1RB",576,117,22,8,10000
114046259,Tunik Jumbo Kekinian Terbaru 2021 Atasan Wanita Muslim Big Size (FREE MASKER) XL XXL XXXL 4L 5L ld 110 120 130 140 150 Model Heso Bahan Rayon Premium Baju Modern Lebaran 2022 Viral Dewasa Ibu Ibu,85990,"_REFERENSI BY MOELA _  "" PRODUK ORIGINAL BY KAMALIN "" BAHAN PREMIUM COTTON RAYON  KANCING DEPAN , PJ.BAJU 70-80 CM FREE MASKER  SIZE: XL: LD 110 CM  XXL: LD 120 CM  3XL: LD 130 CM  4XL: LD 140 CM  5XL : LD 150 CM  Kami juga menyediakan aneka produk lainnya seperti tunik jumbo 4xl ,  tunik xxxl ld ld 120 , tunik jumbo ld 130 , tunik jumbo terbaru 2020 ,  tunik jumbo xxl , tunik jumbo 5xl , atasan jumbo xxxl , atasan muslim jumbo ,  tunik jumbo xxxl terbaru , baju jumbo wanita bb 70kg bb 80kg , baju jumbo wanita 100kg ,  baju jumbo wanita wanita xxxxl terbaru   KAMI JUGA MENYEDIAKAN SISTEM PEMBAYARAN DITEMPAT COD DAN DAPAT FREE ONGKIR    Terima kasih!",galeryfashion123,KOTA SURAKARTA (SOLO),4.7,"2,5RB",435,141,31,44,700
27852538,IZANY Piyama Dewasa Kotak / Karakter Cp allsize LD 104 Saten apple,17999,"ğŸ“ŒğŸ“ŒWAJIB BACA SEBELUM ORDERğŸ“ŒğŸ“Œ 1kg isi 5 stel Kode CP=Piyama celana panjang ,lengan pendek -tidak bisa pilih warna list  Detail Produk =  kode CP  = Bahan : Saten apple - Lingkar dada : 104 cm - Panjang baju : 65 cm - Panjang celana : 93 cm - Lingkar paha : +- 60 cm - lingkar pesak : 64 cm -Lingkar pinggang : 90 cm( sudah melar) (batas normal error saat jahit +_ 2 sd 4cm)  KODE LD100 - Lingkar dada : 100 cm (perbedaan 2 cm = normal, karena dikerjakan lebih dari 1 konveksi) - Panjang baju : 63 cm - Panjang celana : 90 cm - Lingkar kaki : 36 cm - Lingkar paha : +- 54cm - lingkar pesak : 66 cm   *kode CP LIST & COMBINASI = - Lingkar dada : 104 cm (perbedaan 2 cm = normal, karena dikerjakan lebih dari 1 konveksi) - Panjang baju : 64 cm - Panjang celana : 91 cm - Lingkar paha : 62 cm - lingkar pesak : 70cm - Lingkar Pinggang = 100 cm ( sudah melar )   Cara belanja beda2 motif/warna= 1. Klik tanda + keranjang, 2. Pilih variasi yang diinginkan 3. Klik lagi tanda + keranjang dan pilih variasi/warna 4. Klik keranjang atas kanan, checkout  ğŸ†˜Izany hanya kirim sesuai variasi yg di klik, tdk terima ubah orderan, tidak terima via kolom pesan , tidak terima orderan via fitur chat , karna team chatting dan team packing beda orang beda gudang  ğŸ†˜SERTAKAN NO YANG AKTIF/DAPAT DIHUBUNGI,JIKA BARANG KOSONG AKAN KITA hubungi LANGSUNG DI HARI ITU JUGA,APABILA NO YG TERTERA TIDAK AKTIF,PADA SAAT ITU JUGA KITA RANDOMKAN. (perbedaan stok antar web dan gudang pasti ada baik dr sistem error / human error)  ğŸ†˜Komplain kekurangan kirim atau salah motif WAJIB sertakan foto kertas alamat di paket. Tanpa itu tdk bisa kita bantu proses.  ğŸ†˜Resi otomatis update H+1 atau H+2 klik lacak  MEMBELI DIANGGAP SUDAH MEMBACA DAN PAHAM ğŸ™ğŸ™ğŸ™ğŸ™ğŸ™ Salam, Izany â™¥ï¸",izany,KAB. TANGERANG,4.8,"11,2RB","1,8RB",371,48,47,10000
348884656,Mutia  Dress Jumbo Viral Mewah Terbaru 2022 Gamis Casual Kekinian,125999,"Â¬ WELCOME TO GROSIRBAJUJUMBO Â¬  Detail produk dari Mutia  Dress Jumbo Viral Terbaru 2022 Gamis Casual Kekinian â¤ Bahan cringkle airflow premium â¤ Wudhu frendly â¤ Aksen payet â¤ Busui Frendly (resleting depan) â¤ Dress mayung â¤ Pergelangan tangan berkancing â¤ Best quality  DETAIL UKURAN : ğŸ“ Size M : Lingkar Dada 90cm, Panjang Baju 140cm ğŸ“ Size L : Lingkar Dada 100cm, Panjang Baju 140cm ğŸ“ Size XL : Lingkar Dada 110cm, Panjang Baju 140cm ğŸ“ Size XXL: Lingkar Dada 120cm, Panjang Baju 140cm ğŸ“ Size XXXL: Lingkar Dada 130cm, Panjang Baju 140cm ğŸ“ Size 4XL : Lingkar Dada 140cm, Panjang Baju 140cm  â¤ Gamis yang terdapat beberapa ukuran dari ukuran KECIL sampai SUPER JUMBO â¤ Barang dijamin sesuai 99 % â¤ Bahan tidak Panas â¤ Tidak menerawang â¤ Nyaman Dipakai â¤ HIGH QUALITY    Produk TERLARIS Jaminan Harga Murah dan Kualitas SANGAT BAGUS JAMINAN KAMI Jahitan yang rapih dan kuat, menjadikan gamis ini menjadi produk yang berkualitas.  Warna ELLEGANT terdapat 6 motif yaitu : ğŸ“Caramel ğŸ“Putih ğŸ“Sage ğŸ“Denim ğŸ“Coral ğŸ“Purple ğŸ“Hitam ğŸ“Brownies  Kami Jamin di toko kami Harga lebih murah daripada toko yang lain karena kami produksi tangan pertama yaa dan kualitas pun lebih baik karena premium dengan menggunakan bahan cringkle premium dan jahitan yang sangat rapih dan menarik.  Jangan ragu belanja ditoko kami HAPPY SHOPING â¤",grosirbajujumbo,KOTA BANDUNG,4.6,281,53,28,3,11,100
301000442,FULLSET GEISHA 70750 Dress + Outer + Obi Titanium Scuba dress muslim prewedding wisuda bridesmaid,255000,"Dapat 1 set ( dress, blazer,sabuk) BAHAN SUPER....TEBAL dan MEWAH ROK versi SUPER LEBAR mixed organza yg bikin mewah....   merk CHARMMY FASHION titanium Scuba bisa melar dan tebal kalo diluar ini harganya hampir jutaan guys bajunya buktikan sndiri  - Dress Mekar lebarrr dalam ( bawahnya lebar bahan titanium scuba super ) - Outer Cardigan ( Scuba Combined Organza Import) - Sabuk Obi ( Titanium Scuba + Organza )  UKURAN  ALLSIZE ( dari S sampai M) XL           ( untuk L sampai XL)  BAHAN TITANIUM SCUBA lbh tebal super tapi gak panas dan bisa melar dijamin gak akan nerawang bahan nya jatuh dan SUPER BAGUS dan mewah dari pada premium scuba biasa sangat MEWAH  (XL) Inner LD 70 - 110cm fit to S M L bahan melar mengikuti badan panjang dress 140cm ( tidak ngatung)  Outer Free Size LD 70-110cm bahan titanium scuba Termasuk Sabuk Pita merk CHARMMY FASHION Dijamin Bagus banget buat acara wisuda kondangan prewedding dll......",elvanojr,KOTA BOGOR,4.9,876,69,17,2,4,2100
823638388,KAOS PLURALISME VOL4 KAOS DISTRO PAKAIAN PRIA,68200,"MATERIAL Body: Cotton Combed 30s, 100% Katun Murni. Gramasi 140-150 gram/m2. Tidak tebal dan tidak tipis. Terasa sejuk dan menyebahan cotton combad 30s sabahan cotton combad 30s sarap keringat. Benang: Rope Brand, 100% Katun, Brand benang terbaik Label: woven jpsco original  JAHITAN Lengan: Overdeck 2 Jarum Body Bawah: Overdek 2 Jarum Rib/Leher: Penyambungan Rib dan body diberi tambahan jahitan Overdeck 2 jarum guna memperpanjang umur rib agar tidak mudah kendor dan menjadikannya lebih kuat. Dari segi penampilan, rib kami terlihat lebih kokoh. Pundak: Jahitan Rantai dan memiliki Shoulder Tape/bisban di bagian dalam guna memperkuat konstruksi kaos bagian atas.    Apa yang membedakan? 1. FITTING: Standar cutting produk menggunakan standar internasional. Untuk menentukan Fitting yang sempurna, kami sudah melakukan riset berulang-ulang dalam hal pola potong kain. Maka produk kami akan terasa jauh lebih nyaman dibandingkan dengan produk lain. 2. JAHITAN: Kami menemukan langkah penyambungan kain kaos yang terbaik. Berbeda dari biasanya, pola jahit yang presisi bisa menentukan kenyamanan kaos ketika dikenakan. Kualitas produksi melalui 2 tahap quality control 3. MATERIAL: Bahan dipesan secara massal dari 1 PRODUSEN KAIN yang sudah kami percaya dan terbaik di Kota Bandung. Lot warna yang stabil dengan kualitas yang terbaik. Semakin sering anda cuci, akan semakin nyaman dikenakan. Tidak mudah berbulu dan menyusut 4. PACKING: Kami sangat menghargai karya tangan kami sebagai produk yang sempurna. Maka dari itu, produk yang anda pesan kami kemas dengan kemasan 3 rangkap plastik tebal (Plastik OPP tebal, Plastik Packaging Putih dan Plastik Ekspedisi) dengan tingkat kerapihan yang terbaik 5. PENGIRIMAN TERCEPAT: Pesanan akan kami kirim pada hitungan jam/dikirim di hari yang sama apabila konfirmasi pembayaran kami terima sebelum jam 16:00 6. BERGARANSI: Apabila anda kurang menyukai produk kami atau anda menemukan cacat produksi, pesanan anda bisa dikembalikan atau ditukar dengan produk yang sama TANPA ONGKOS KIRIM. Mohon cek buyer review untuk mengetahui reputasi perusahaan kami. ",fieldgood.co,KAB. BANDUNG,4.8,143,24,7,0,0,487
203302636,FARANISYA Dress - Baju Hari Raya Lebaran 2023 - Seragam Pesta Kondangan - Gamis Tille Mewah - Pakaian Kekinian - Tanahabang Collection Terbaru,570000,"FARANISYA DRESS VOL 2  Koleksi Faranisya Dress cocok banget dipakai ke acara spesial, karena desain outer tile premiumnya yang elegan dikombinasi inner satin mix tutu, dan dipermewah dengan aksen payet mutiaranya bikin koleksi satu ini jadi bener-bener manis banget. âœ¨  IDR .570.000 (normal 601.000) Material : Tile premium dengan aksen payet mutiara dengan kombinsi inner satin mix tile tutu Size  âœ¨M (LD 98), L (LD 102), XL (LD 110), XXL (LD 120) âœ¨Lk m ( 42cm), Lk L ( 46cm), Lk Xl ( 50cm), âœ¨Berat Baju 900g",tanahabang_collection,KOTA JAKARTA SELATAN,4.9,6,1,0,0,0,14
338588755,habsy // zalina abaya gamis original mieux gamis lebaran turkey mega store aleyna,225000,"Semua barang READY STOCK, apabila barang kosong akan segera kami kosong in  DROPSHIPP AMAN   PENGIRIMAN DALAM JUMLAH BESAR / GROSIR:   Terimakasih dan Selamat Berbelanja.  #dasterpanjang #dastermurah #daster #piyama #dasterbatik #dasterlenganpendek  #bajutidur #dasterbusui #busui #dastergrosir #mieux #dasteryukensi #dasterbumil #bumil #moela HAPPY SHOPPING #abaya #abayamurah #abayasyari #gamis #gamismurah #gamissyari #fashion #fashionwanita #busanamuslim #busana #busanamuslimah #hijab #hijabmurah #hijabers #dress #dressmurah #dressmuslim #murah",neva_olshop_solo,KOTA SURAKARTA (SOLO),4.8,410,56,12,1,0,1300
6053166,ADIBA - Rissa Dress/ Gamis Terbaru 2021 / Dress Muslim Kondangan Ada Size S M L XL,170200,"ğŸ“ŒTingginya antusiasme sisterâ€ thdp produk Rissa Dress maka Semua warna yg habis akan selalu restock bertahap !  ğŸ“ŒKHUSUS RISSA PUTIH / BROKEN WHITE BAGIAN DEPAN TDK MENERAWANG KRN ADA LAYER NYA, TP BAGIAN BELAKANG CENDERUNG MENERAWANG KRN HANYA 1 LAPIS TANPA FURING, membeli = setuju .  . RISSA DRESS :  Deadline kondangan sebentar lagi?? gak sempet jahitin dress ? budget Mepet ?? Langsung bungkus aja, Rissa Dress, dress dgn design exclusive, mewah & anggun, cocok untuk dipakai ke acara formal ğŸ˜Š. Ada variasi selempang cantik yg bisa digunakan utk tali & bisa di adjust ğŸ“Œ. Menggunakan material Lady ZARA premium yg lembut, gak nerawang, sctrech & gk luntur, gk nyusut, flowy dabest pokonyaa . âœ…busui  âœ…bumil âœ…wudhu . HARGA :  ï‚§ 185.000 (S / M / L )  ï‚§ 195.000 (XL )  ï‚§ Tersedia harga GROSIR & RESELLER . âœ¨SIZE / LD (lngkar dada ) / PG (pjg gamis) S / 90 / 138  M / 98 / 138  L / 104 / 140  XL / 110 / 140   ğŸ“ŒJANGAN SALAH PILIH SIZE! *cara mengukur lingkar dada =>> ambil baju favorit yang biasa kamu gunakan . ukur jarak ketiak kiri sampai kanan. kalikan 2. hasil pengukuran tsb adalah ukuran lingkar dada baju yang kamu butuhkan. . âœ¨Kemiripan warna 95% dgn warna asli krn efek dr layar HP masing2 & cahaya saat pemotretan ğŸ˜  NOTE PENTING : Pengiriman ke Luar Jawa menggunakan ""HEMAT"" , estimasi bisa sampe 14-21 hari karena pengiriman via laut dan membutuhkan waktu yang lebih lama , jadi bila butuh cepat kami tidak menyarankan beli mepet dan bila tidak mau nunggu selama itu bisa menggunakan ""REGULER"" . Terima Kasih  Apa sih Kelebihan produk adibabyara :   1. Design exclusive & foto original merk adiba.  2. Jahitan produk rapi & rapat. Bukan jahitan konveksi abal-abal. 3. Pemilihan bahan diutamakan yg comfort to wear ! 4. Cacat barang / salah warna bisa ditukar, garansi 100% uang kembali trmasuk ongkir.  5. JOIN Reseller & Dropshiper very welcome. 6. Pengiriman Cepat & admin fast respon.  7. Bisa request kartu ucapan GRATIS . #dresslebaran #gamiskondangan #gamispolos #dressmuslimterbaru",adibabyara,KOTA SEMARANG,4.9,"5,3RB",482,49,11,7,10000
89754915,COUNTIA TUNIK RAYON,55000,â– COUNTIA; LD 110 CM PJ BAJU 100 CM BAHAN KATUN RAYON  â– BELLA; LD 110 CM PJ BAJU 100 CM BAHAN KATUN RAYON  â– BASIC LONG SHIRTY; ld 125 cm pj baju 90 cm lingkar lengan 45 cm bahan crinkle airflow  â– JIHAN TUNIK â– DETAIL UKURAN; Ld 120 cm Pj baju 90 cm Pj lengan 53 cm Lingkar lengan 45 cm â– DETAIL BAJU; Full kancing aktif Kerah sanghai Lengan tangan kancing Bahan crinkle  ,tmutiy,KOTA SURAKARTA (SOLO),4.7,"4,2RB",932,224,59,68,10000
322507710,Lalucuku Model Baju Wanita Dress/ Gamis Sabrina Homey Catton Rayon,174000,"Hai bund, perkenalkan produk baru kami SABRINA DRESS. Dress dari bahan Catton, flowwly, gak bikin gerah di pakainya. Cantik Banget Bund âœ¨  Material : Cotton Rayyon Premium Warna : Navy, Soft Cream dan Cream 100% realpict , dijamin kemiripan dengan aslinya. Tidak mengecewakan ğŸ’¯ ğŸ’¯ ğŸ’¯   Size : M / L / XL  Lingkar Dada/ P Gamis / P Tangan /L Bawah Baju M = 100 cm / 135 cm / 53 cm / 175 cm  L = 110 cm / 135 cm / 54 cm / 180 cm  XL = 115 cm / 140 cm / 55 cm/ 200 cm  Deskripsi Product :  - Resleting depan, busui friendly  - Kancing tangan, mudah untuk akses wudhu  - Bahan flowly, dan menyesuaikan bentuk tubuh  - Tidak gerah dan bikin adem, senyaman ituu  - Available saku kanan  - Self Manufactured, bukan pabrican. Jadi cuttingannya cantik abisss! ",lalucuku.id,KOTA BANDUNG,4.8,787,106,19,5,4,1900
230920163,PIYAMA RAYON | PIYAMA KANCING HITS | BAJU TIDUR | HOMEWEAR,64000,"READY STOCK BEB BISA DIBELI ECER MAUPUN GROSIR HARGA GURIHğŸ‘‹ . ğŸ“ŒDetail Produk & Deskripsi Size      âœ”ï¸BUSUI FRIENDLY (Full Kancing)      âœ”ï¸ Material Rayon Premium Grade A  (Be Smart Buyer! Karakter bahan rayon memang TIPIS ADEM & JATUH). Buat yang komentar & marah-marah fix tidak membaca deskripsi ini dengan baik!)      BajuğŸ‘‡      âœ”ï¸ LD Baju -/+ 115-118cm      âœ”ï¸ Panjang Baju -/+ 60cm      âœ”ï¸ Lingkar ketiak -/+ 48cm     CelanağŸ‘‡      âœ”ï¸Panjang -/+ 93cm      âœ”ï¸ Lebar Paha -/+ 68cm      âœ”ï¸ Panjang Pasak -/+ 35cm      âœ”ï¸ Lingkar Pinggang melar Up to 110cm (Selisih size karena pemnuatasn secara massal) . ğŸ“ŒMau belanja diluar Shopee bisa banget! Kami produksi sendiri dan Siap bantu kirim via Ekspedisi Cargo. Tentunya harga beda.  ğŸ“Œ Bisa di klik = Ready       Tidak bisa di klik = HABIS Apabila Setelah CO Barang ada yang kosong akan kami konfirmasi. 1x24jam jam tidak ada respon kami kirim Random.  ğŸ“ŒKami kirimkan produk sesuai barang yang di CO. Tidak menerima penggantian variasi/alamat dll melalui CHAT/NOTE.    ğŸ“Œ Dropship aman. Pastikan kalian cantumkan nama OS & No Hp kalian ya beb. Karena resi Print tidak bisa diganti.  NOTE : BINTANG 5 dari kalian adalah dukungan terbaik untuk kemajuan toko kami. Apabila terdapat kesalahan kirim barang dan reject barang, TOLONG Konfirmasikan dulu ke Admin. Sertakan Video Unboxing! Kami dengan senang hari akan bertanggungjawab. Bintang dibawah 3 = BLOKIR!  Terima kasih!",nukuid,KAB. BOYOLALI,4.8,"3,5RB",494,96,39,39,10000
60985719,Oriana Daster Pendek Collection,47100,Welcome to Oriana Official Shop,orianaofficialshop,KAB. BEKASI,4.8,"12,4RB","1,4RB",290,47,57,10000
21992690,COUPLE GAMIS LUNA DRESS MODERN BAJU SYARI BUSANA MUSLIM SARIMBIT RAMADHAN KONDANGAN BAJU PASANGAN BATIK GAMIS TERBARU KEKINIAN JUMBO AKITA AKT,35000,"New Arrivalsâœ¨ ""Luna Dress""  ğŸŒˆWarna : Rose, Mocca brown, Latte Perpaduan warna pada bagian furing dan mauve pada tulle melahirkan warna feminime yang sangat mewah dan cantik  â€¢Available size : M/L/XL : Ld 94/98/102 *cutting pada Luna Dress ini press body dan cenderung lebih kecil dari dress akita yang lain, karena memang di design seperti itu agar dipakai memberi kesan jenjang, slim, dan mewah...  â€¢Akses resleting belakang 50cm â€¢panjang tangan : 56-57cm â€¢tulle bagian depan  Matterial : Maxmara ori dan tulle premium! *soal material temen temen tidak usah kawatir kita sudah menggunakan yang terbaik, agar dipakai nyaman dan mewah.  â€¢ Design payet handmade by akita  â–Harga : Rp 298.000â– Sangat sangat wort to buy dengan kualitas serta kemewahan yang ada pada luna dress ini, kalian tidak perlu pusing lagi cari outfit yang pas mau seperti apa di acara wisuda, lamaran, kondangan, seserahan bahkan prewed atau sampai ke acara formal lainnya, karena ""Luna dress"" ini sudah menjadi jawaban dari problematika peroutfitan kalian di moment moment special.",rajanyabatik,KOTA PEKALONGAN,4.7,638,133,28,3,7,2700
137376785,SET DRESS + KIMONO 2IN1 BEST SELLER,65000,all size S - M ld maks 84 cm sangat di sarankan hanya untuk bb 50 kebawah,manuelofashion.id,KOTA TANGERANG,4.8,1RB,114,36,6,5,4100
242288679,GAMIS SYIFA CRINKLE AIRFLOW | GAMIS TERBARU LEBARAN 2023 | GAMIS | baju gamis lebaran 2023 mewah gamis syari terbaru 2023 baju lebaran terbaru 2023 mewah,85000,Gï»¿AMIS SYIFA Bï»¿AHAN KRINKLE AIR FLOW Lï»¿D 110 Pï»¿J BAJU 135 Kï»¿ANCING AKTIF Bï»¿USUI FRIENDLY,rizkizea.id,KOTA JAKARTA BARAT,4.6,194,39,15,7,3,899
29254490,READY PENGIRIMAN 28 APRIL JENAR SERIES (ALL COLOR) blouse batik viscose,225000, MOHON DIBACA DESKRIPSI SAMPAI HABIS  JENAR SERIES Allsize muat dari size kecil sampai big size   atasan bahan viscose semi sutra Detail size Blouse:  LD : 120cm Pjg baju 80cm Kerung lengan 54cm Pjg tangan 55cm (TIDAK MELAYANI CUSTOM SIZE)   Detail size kulot (bahan doby):  lingkar paha 68cm lingkar pinggang 70-100cm  pjg celana 90cm   rok lilit bahan viscose  panjang rok 100cm  lebar 175cm   Mohon diperhatikan â—ï¸ Kain yang kita gunakan merupakan batik handmade/ menggunakan proses cap batik manual. Dari segi pembuatan baik cap motif maupun pewarnaan kita proses secara manual jadi akan ada perbedaan letak dan perbedaan warna antara kain satu dg yg lain.  Pertimbangkan terlebih dahulu sebelum membeli  *kemiripan warna foto dan asli 90-95% karena efek pencahayaan saat foto dan contras pencahayaan,darmataid,KAB. SLEMAN,4.8,"1,1RB",135,22,6,4,2700
143078497,baju brukat terbaru 2022 brukat kekinian modern cantik simple elegan PARAMITHA dress/ dress terbaru / baju kondangan / gamis terbaru 2022,68320,FOTO REALPICT  Bahan : MOSCREPE mix brukat gliter import  S  LD 92cm Pb 130cm  M Ld 96cm Pb 135cm   L LD 100-100cm PB 135  all size xl ld:105cm pb:138cm  xxl  LD 110cm PB 140cm  Xxxl LD 120 cm PB 140cm  kriteria: -bahan adem lembut dan tidak nerawang *Real picture *TERDAPAT TALI pinggang   Tiap produksi motif brukat berbeda ngga selalu sama  #gamis #gamismurah #gamisbrukat  UNTUK WARNA HIJAU SAGE TEKAN ATAU DOUBLE KLIK LINK BERIKUTâ¬‡ï¸â¬‡ï¸â¬‡ï¸ https://shopee.co.id/product/143078497/15791580704?smtt=0.143080321-1661100080.9,muhamad.syarif33,KAB. BANDUNG,4.8,531,81,13,0,3,2600
12538990,Mybamus Nadir Pocket Overall Dress - Gamis Jumpsuit Muslim,84000,Kelebihan berbelanja di Official Shop kami:,mybamus.official,KAB. BANDUNG BARAT,4.9,779,91,4,2,1,1700
52202583,Ashley Kaftan // snw // dress lebaran gamis couple // kaftan couple,62300,"BACA DULU YA MOMSSS âœ”ï¸  Cara beli couple : Mom di klik masukan kranjang , Kids di klik masukan kranjang , Tidak di klik bersamaan â€¼ï¸â€¼ï¸  Harga mom (dewasa) sendiri , harga kids (anak) sendiri , BUKAN 1 harga sudah dapat couple ya ğŸ™ğŸ» â€¼ï¸â€¼ï¸ . BAHAN : MAXMARA (TIDAK MENERAWANG ) // ADEM POL // GA GATAL // GA MUDAH KUSUT , CAKEP POLLâ¤ï¸â¤ï¸ .  UKURAN MOM : All size , lingkar dada fit 198 CM âœ”ï¸âœ”ï¸ PANJANG DRESS MOM 135 CM DARI BAHU  KIDS (ANAK) ğŸ‘‡ğŸ» 1-2 TAHUN LD 50-60 CM (KARET MELAR) PANJANG DRESS 55 CM   3-4 TAHUN LD 53-63CM (KARET MELAR) PANJANG DRESS 65 CM   5-6 TAHUN LD 60-65 CM (KARET MELAR) PANJANG DRESS 75 CM  NOTE : STANDAR UMUR HANYA UNTUK PERKIRAAN KARENA MASINGâ€ ANAK BERBEDA BEDA SIZE NYA YA   LD (LINGKAR DADA ANAK) âœ”ï¸  . DI BACA DULU YA PLEASE ğŸ‘†ğŸ»ğŸ‘†ğŸ»ğŸ‘†ğŸ»ğŸ‘†ğŸ»ğŸ‘†ğŸ»",snw_store_pwt,KAB. PURBALINGGA,4.8,99,17,1,2,0,610
302074147,FLOWEAR Alea Long Dress Gamis Baju Kondangan Remaja Wanita Muslim Terbaru,189000,"[ PRODUK READY STOCK SIAP DIKIRIM ]  ALEA LONGDRESS  Detail Produk: - Rok ""A"" shape membuat badan terlihat ramping - Terdapat tali terpisah agar bisa menyesuaikan bentuk badan - Bagian depan terdapat kancing hidup sehingga nyaman bagi Ibu menyusui - Lengan balon dengan ban pergelangan membuat kesan feminim  Longdress ini pake bahan ARMANI SILK  âœ¨ Memiliki kesan elegant karena bahannya mengkilap âœ¨ Cukup strecht sehingga nyaman dan tidak kaku saat dipakai âœ¨ Bahannya dijamin lembut bangettttt âœ¨ Dingin dikulit, bikin adem dan ga menimbulkan efek gerah âœ¨ Bahan armany memang tidak tebal tapi aman tidak nerawang  Available ukuran S/M/L/XL/XXL Lingkar dada : 92/98/104/110/120 Panjang badan : 132/136/138/140/140 Panjang tangan : 56/57/58/59/60  Tanya-tanya bisa langsung chat admin yaağŸ¤— yuk checkout sekarang juga!",flowearofficial,KAB. BANDUNG,4.8,917,105,26,4,3,2700
322170169,KOREAN MAXI DRESS PAKAIAN WANITA ELEGANT BUSUI FRIENDLY BAJU BUMIL RAYON PREMIUM ADEM TIDAK NERAWANG,99000,"ğŸ‘— korean maxi dress ğŸ‘—  dress yg di buat  sangat  mewah dan elegant .. bener"" seperti harga baju mahal !! cuttingan yg membuat badab terlihat ramping ğŸ˜ .. ada karet di dada , di tangan , di pinggang .. sehingga bisa di sesuaikan dengan bentuk badan kita ..  karet di pinggang sangat meral banget .. untuk yg badan XXL ini sangat aman !! ğŸ˜  âœ¨ Ld -+ 90-110cm âœ¨ pj -+ 108cm-110cm âœ¨Pj tangan -+ 25cm âœ¨ Lingkar tangan -+ 50cm  âœ…dada karet âœ…karet belakang  âœ…tangan karet  âœ¨ RAYON PREMIUMâœ¨ * busui dan bumil friendy *",calinea,KAB. BANDUNG BARAT,4.8,434,46,14,4,2,1600
11618596,KULOT CRINKLE KANCING 2 HIGHWAIST PREMIUM | KULOT KRINGKEL AIRFLOW | CELANA KEKINIAN BEST SELLER,28000,"KULOT CRINKLE AIRFLOW  Celana kulot terbaru bahan crinkle airflow premium yang lembut dan tidak perlu di setrika lagi, tebal & tidak terawang nyaman banget di pakainya, tergolong kain mahal di kelasnya. Dengan pilihan warna-warna Best Seller, yaitu warna netral dan nude yang soft.  Kelebihan : Ironless bahan tidak usah di setrika lagi bahan lembut, stretch mudah diatur, tidak licin ringan dipakai jadi jatuh / flowy, dan nyaman Finishing : Jahitan rapi dan kualitas butik. Bahan Crinkle Airflow Premium  Detail Size : Lingkar Pinggang -/+ 80-100 cm Panjang Celana -/+ 95 cm BB 35 - 60 kg ALL SIZE fit to L  perbedaan warna bisa terjadi karena efek pencahayaan maupun media masing2 selamat berbelanja.",gamispianta,KOTA JAKARTA TIMUR,4.5,446,119,51,12,12,2700
116935139,Kemeja Custom Pria / Wanita Lengan Panjang Tersedia Pilihan Bahan Berkualitas dan Termurah,145000,Kemeja pria / wanita lengan panjang custom logo bordir termurah   Tersedia beberapa bahan  Uni one drill  American drill  Texmoda  Nagata   Bisa beli polosan  Dan sablon minimal 3 pcs Bordir minimal pembelian 6 pcs   Tersedia ukuran XS - 5XL Jahitan rapi dan bagus  Banyak pilihan warna   PO Â±7 - 14 hari tergantung banyaknya pesanan   Silahkan diorder kakak   #kemejapria #kemeja #kemejacowok #kemejamurah #kemejabordir #kemejasablon #kemejatermurah #bajupria #seragamkerja,edifebrihandoko,KOTA BATU,0.0,0,0,0,0,0,0
34613193,PREMIUM Baju renang muslim syar'i dewasa/ pakaian renang perempuan muslimah terlaris/swimsuit wanita,186000,"Size    M.    ; Untuk berat badan 40- 48 kg L      ; untuk berat badan 49-57 kg XL    ; untuk berat badan 58-66 kg XXL ; untuk berat badan 67-75 kg  Berlaku untuk TB ideal, bila ragu Konsul ke admin dengan sebutkan BB dan TB kamu, nanti akan disarankan kamu pakai ukuran apa  ğŸ‘šğŸ‘–Baju MODEL SYAR'I   "" Pakaian renang yg terdiri dari jilbab +bolero+ baju dan celana panjang yg terpisah ""  -Bahan Nylon Spandex Lycra -Elastis / Flexible -Jahitan Kuat dan Rapi -Good produk dan Good Quality -Bahan Adem dan Ringan  Petunjuk Perawatan : 01. segera bilas dengan air bersih setelah digunakan 02. cuci dengan tangan(kucek saja) boleh menggunakan deterjen cair/bubuk 03.jangan cuci dengan mesin cuci/direndam 04.jemur ditempat teduh 05.jangan disetrika  FOTO REAL PICT /ASLI BARANG SENDIRI YANG DILAKUKAN PEMOTRETAN PAKAI MODEL, WARNA SESUAI DENGAN FOTO 98% (EFEK CAHAYA KAMERA)  MEMBELI = SETUJU  Note : Mohon untuk menanyakan ketersediaan stock terlebih dahulu,,   Happy Shopping  #bajurenanganak #bajurenangmurah #bajurenangmuslim #bajurenangmuslimah #bajurenangmuslimahsyari #bajurenangmuslimahmurah #bajurenangmuslimahdewasa",ftswim,KOTA DEPOK,4.8,69,9,2,0,0,191
962554213,Zafina Dress Cringkel Airflow Niami Midi Dress Remaja Gamis Polos Terbaru Busana Muslim Lebaran Murah Lebay Best Seller Bisa Cod,57000,"READY STOCK SIAP KIRIM , MOHON MAAF INI LAST STOCK Dress ini bisa tetap kalian pakai di acara sehari, pergi2 ke mall / nongkrong. Bahkan bisa untuk dipakai kondangan maupun idul adha nantiğŸ¤—ğŸ˜ . New collection Zafina dress busui friendly from Everyday.rtw Saat ini sedang harga promo special dapatkan sekarang juga  Sebelum harga kembali normal (normal price 249.000) Pilihan warna : Brokenwhite, Black, Olive, Sage, Almond, Camel, Mauve . Material : Crepe import premium ( tidak menerawang, halus, flowy, tidak mudah kusut,tanpa setrika pun tidak kusut, bahan tidak panas saat dipakai) best materialğŸ¥° 1dress ini membutuhkan kain 3,5meter. sehingga untuk harga saat ini sangat best priceğŸ”¥ â€” Detail baju ğŸ‘š - Wudhu friendly  - Busui friendly (terdapat resleting di dalam baju lapisan kedua) - Resleting belakang sampai bawah pinggang sehingga mudah untuk lepas pakai dress - Kerah balon (kerah peterpan) yang bikin dress ini mengikuti trend fashion,dan chic - Tali serut dibagian depan yang bisa diadjust sesuai badan kalian. -Terdapat ploi di depan dan belakang dress sehingga membuat dress cantik  ",fz9t0pn8v6,"KAB. CIREBON - KALIWEDI, JAWA BARAT, ID",2.8,11,8,6,5,17,129
188418345,[F01] IKAT PINGGANG TALI PINGGANG BELT SABUK PERAPI PAKAIAN FLEXGESPER,195000,"Pastinya Capek yah? Setiap mau ke Kantor/ Pesta udah pakai yang rapi-rapi, ehh tiap jalan/ duduk baju keluar mulu,  Terus-menerus benerin baju di depan banyak orang juga sebenarnya tidak nyaman kita lakukan.  Namun jangan Khawatir lagi, boleh dicoba nih Flexgesper, Sekali Tarik Rapi Seharian! Kalau ga sesuai deskripsi/ tidak muat/ tidak suka dengan Flexgesper, uang Dikembalikan 100% saat retur barang.  Ukuran : All Size, bisa muat ukuran pinggan [90cm - 160cm]  Material Anti Bau & Pengait Stainlessâ€  Mengapa harus Flexgesper? â€¢ Material yang Nyaman dipakai & Tidak Merusak Pakaian. â€¢ Elastis & Ringan â€¢ Gampang dibawa kemana-mana â€¢ Tidak Gampang Putus walau digunakan untuk menarik benda berat. â€¢ Pemakaian kurang dari 1 Menit, Tapi bisa Merapikan Seharian.  Selama masih bisa klik Order, berarti stock masih ada.   SHOP WITH A SMILE FOR A BETTER LOOKS.",tokobarangimpor88,KAB. TANGERANG,4.8,436,44,11,1,2,1100
14545902,BIGSIZE BAJU FASHION BANGKOK UPDATE GENTLE MONSTER NEW,150000,mau jual lg karena gabisa pakai yaaa terlalu besar bahannya licin2 gitu adem jugaaaaa jual sesuai sama beli ajaa cincayy,cristinnct,KOTA MEDAN,0.0,0,0,0,0,0,0
